,last name,first name,height,weight,bmi
0,bacot,armando,83,240,24.9016128442958
1,davis,rj,72,180,24.818751574703956
2,cadeau,elliot,73,180,24.143443078113215
